{"LwdZqtkpc+Tnj+//eBDd/w==":"mariocomrobo-454x522.png","ZvtJciOIImTi/OwrckaUkA==":"mbr-1920x1440.jpg","gg0V8w1NWYiqUmJLu7/9eg==":"mariorobo-454x522.png","4+WCyOIW7XfGBEj0FyUl7w==":"mbr-1920x1277.jpg","n97XSj0lApfJeMBeIaT88w==":"379626_427304530701140_2006535177_n-960x640.jpg","x3NV+7CnvSEX5gzBDWIq7A==":"mario-429x432.png","zD8qTeAr05z4x4rkJiDBjw==":"logomario-122x39.jpg","5iPTpnB1D4hkL7wKeDn+7A==":"mariologo-560x177.png","oTIoNq58nGaQ4Z0cHNcOjQ==":"background-2000x785.jpg","VVIRsp3rC1RY7e3KUpZ/Kg==":"backmario-2000x785.jpg","7tRv+Ao4tllBSXpsqbqOjw==":"bgmario-2000x1333.jpg","ddM0KbvdmOBSGRwKKsP4qw==":"bgwall-2000x807.jpg","XxD+m+S9napSTjWOv3CcwA==":"bgwall-1-2000x807.jpg","WsGyoP93/VRReN/dEXaRIQ==":"backwall-2000x807.jpg","ixC9SBI8UHtjyhmQzRly8g==":"backwall-1-2000x807.jpg","cZ5FjqQnfbUSiEbtr0GCFw==":"1378519_481662271932032_898401435_n-398x399.jpg","DHAO/W7XbU7aDSWHZ0EjIA==":"mobirise201949_201822019-4-5_3-14-26.jpg","L2xtEmsuk294Kbk543TFSw==":"mbr-1920x1280.jpg","3rKVUzmo1F2EqbJT33wlKw==":"mbr-1-1920x1280.jpg","8szqJJ5FtNuy3nn+M6r5KA==":"mobirise201949_201822019-4-5_3-17-36.jpg","j6ab6em7VyNdyz5N2y1zqg==":"mobirise201949_201822019-4-5_3-18-9.jpg","Ro5PkyPTp/eibIxy0THlng==":"mbr-1920x1079.jpg","25N4SZ7x40uJ5je1pkzKwg==":"mobirise201949_201822019-4-5_3-20-58.jpg","z4lMdCXjNDS17lrfd1tZKA==":"mbr-1920x1281.jpg","NSsS2c2NkMN708jBQJ2KNg==":"mbr-2-1920x1280.jpg","xJ88wm5N3+7+A8+dgmLABA==":"mbr-1920x1279.jpg","WCUa8wYYnStZEMGkUKJQ1A==":"mbr-3-1920x1280.jpg","UV0xzM4crhckhCMOcDFv3w==":"mobirise201949_201822019-4-5_3-57-34.jpg","zb+wJ4GqLGwxcdYUWIOuKQ==":"mobirise201949_201822019-4-5_3-58-49.jpg","vYGA+eyen/o4Jq8BMQ/t0w==":"mobirise201949_201822019-4-5_3-59-22.jpg","YNyJArsrmIbDuD8YxQi9Vw==":"mobirise201949_201822019-4-5_4-0-2.jpg","bXoomS86/s3DqP9H36WRCw==":"mobirise201949_201822019-4-5_4-1-16.jpg","TCAiqX5927QhgYaoNv11Dg==":"mobirise201949_201822019-4-5_4-1-33.jpg","X7+OzY8e/KAaJcPAfZKC2Q==":"mobirise201949_201822019-4-5_4-1-53.jpg","UAc7kepzJPkrSn4uqTRvmw==":"background4.jpg","pa5Dkwo/T1qgW/t0h+fQvA==":"background5.jpg","d5+vAbV0dowLr6U+skY0hA==":"logommj-588x187.png","McNx8muQn6CT/ImXa9b0qw==":"mariomj-454x521.png","JawW8Ao2ODwGkCNGylSL2A==":"9059_427309197367340_1874169082_n-960x640.jpg","Y90Ig3yjinb3m/VdYdiafw==":"860383_495302183901374_86877309_o-986x1478.jpg","O60NKO3TYeyEEXi8oiN+IA==":"drwilsonemario-986x715.jpg","1rNnJJbwHitDa+vTnKcHDA==":"mmj-574x183.png","VGXyc27zMqkAr2JWIAixWQ==":"mariomendeslogo-572x186.png","wdMOt0vKPz60Vtgqj8tYjA==":"mariomendeslogo-578x188.png","5AVrJiiy/txo3deG3o5K1A==":"paul%20harris%20fellow-1776x628.jpg","/xdA8dD1PVFx8owympbs/Q==":"pr%C3%AAmio%20paul%20harris%20fellow-1776x628.jpg","z7L35FmdjID+mXF6Bru89Q==":"olitel-376x248.png","x3+SSuQ5PuH5Y9PZATt/qw==":"addit-376x248.png","NQl5t9NXT2OxUxsG+4qq3A==":"inbot-376x248.png","mIIbxW0r7dEZSbMPwcoYdg==":"background2.jpg","KC1JY3Ese6DK5TVNTw7jDQ==":"pr%C3%AAmio%20paul%20harris%20fellow-1086x384.jpg","y1ezVZLjzF5wu4FIO8yM7w==":"dr%20wilson%20vencedor-626x626.jpg","c0uv6C0XLHvHaNuIeNKBIQ==":"mariomendeslogo-122x40.png","/vQkQ9T/ypMMUXMCmaI1jw==":"mariomendeslogo-556x181.png","KxvoZe14k9OaW43QfKWukg==":"ptbr-162x163.png","QlOgIYr5i7pls/PO5cHF+Q==":"enbt-162x163.png","8tNAJo4HSKMJkIfCWJ1JsA==":"mariomendesalta-956x1137.png","+rYnbpxQR1oKY/WmQXaSlQ==":"logo_rogerio_oliveira-560x171.png","ta4Tp6J6eDYMMEJK4rhVPA==":"foto_rogerio-818x1024.png","CMM6Yh0GN6q5/rteFBJ2PQ==":"logo_rogerio_oliveira2-597x183.png","DDmZ5UlXhd3pvAqi71TRtg==":"foto_rogerio2-641x863.png","de7qGlyXYSDvBwg/kr9u1w==":"whatsapp%20image%202022-07-06%20at%2011.55.12%20(1)-960x1280.jpg","URIdMehIN/x7XoIPM90qkA==":"whatsapp%20image%202022-07-06%20at%2011.55.12%20(2)-564x752.jpg","hySre+5zMXjwDoTy0DZZZQ==":"whatsapp%20image%202022-07-06%20at%2011.55.12%20(1)-960x1280.jpg","+swO8zrHg4vo/xkWgvdJFQ==":"whatsapp%20image%202022-07-06%20at%2011.55.12%20(2)-960x1280.jpg","ZoyCSIm1JW/sGEnoc1VZdw==":"whatsapp%20image%202022-07-06%20at%2011.55.12%20(3)-960x1280.jpg","XI8nCc7FCkea3ATDU0rZRw==":"whatsapp%20image%202022-07-06%20at%2011.55.12%20(4)-1280x960.jpg","bNXEQTxiIrWA2hArh2i6mA==":"whatsapp%20image%202022-07-06%20at%2011.55.12%20(5)-1280x960.jpg","VZpS6N2yLDTA6rfnUuyg8w==":"whatsapp%20image%202022-07-06%20at%2011.55.12%20(6)-960x1280.jpg","3mpqRCfNlKbJmUovZEew9w==":"whatsapp%20image%202022-07-06%20at%2011.55.12%20(7)-960x1280.jpg","9xvCnB6SbpiZKoaf9R4NQg==":"whatsapp%20image%202022-07-06%20at%2011.55.12-960x1280.jpg","VlgUjtGcI/eX3UhrCUlapQ==":"olibras-296x66.png","7vw8LH2xOE6w0MerueyYZQ==":"background4-1.jpg","bXC6R8PxKOMX0h4DvPk/zg==":"foto_rogerio2-690x928.png"}